plan,scenario,daily_operating_cost_yuan,daily_cost_with_capital_yuan,cost_per_ton_nh3_yuan,grid_import_mwh,grid_export_mwh,renewable_available_mwh,curtailment_mwh,curtailment_rate,official_self_use_ratio,official_green_power_ratio,official_export_ratio,all_official_metrics_pass,alk_h2_share
stochastic_24_scenarios,W1_P1,203597.91884734936,209314.40302771417,3876.1926486613734,248.9129571729123,204.41337199211364,761.7640000000001,0.0,0.0,0.492360589699767,0.6728127659055516,0.2683421269476027,False,0.38802526784778923
stochastic_24_scenarios,W1_P2,275208.85449044226,280925.3386708071,5202.321086496428,305.8790204475673,-2.8811820380908285e-14,503.204,0.0,0.0,1.060556311925283,0.5993697623445063,-5.725673957462239e-17,True,0.3986280382446185
stochastic_24_scenarios,W1_P3,355700.31189588184,361416.79607624665,6692.903631041605,468.2456631181235,9.457982709343475e-15,337.444,0.0,0.0,1.0852529514242941,0.40438715552998866,2.8028303094271865e-17,True,0.3675952516619183
stochastic_24_scenarios,W1_P4,393030.9240421749,398747.4082225397,7384.2112633803645,537.5663414172537,-2.1207816998515642e-16,272.80400000000003,0.0,0.0,1.1623002316017588,0.3192009819022492,-7.774012477278793e-19,True,0.38086307692307697
stochastic_24_scenarios,W2_P1,227884.0564741453,233600.5406545101,4325.935938046484,285.48621886891226,137.50938380129645,658.904,0.0,0.0,0.6162037063634271,0.6289329040059717,0.20869410991782786,False,0.3945149231599657
stochastic_24_scenarios,W2_P2,311889.37645225576,317605.8606326206,5881.590011715196,406.3209217371709,3.19867479840159e-14,400.344,0.0,0.0,1.05524597120781,0.48305084801429166,7.989815754455144e-17,True,0.3925709839303034
stochastic_24_scenarios,W2_P3,397673.2979566409,403389.7821370057,7470.181150685291,573.9285545677322,3.3320475768521332e-15,234.584,0.0,0.0,1.155237547249204,0.27763759523880505,1.4204070085138515e-17,False,0.37961846153846157
stochastic_24_scenarios,W2_P4,436084.2515558535,441800.73573621834,8181.495106226265,641.0139987032946,1.7775893268813898e-14,169.94400000000002,0.0,0.0,1.2606210522691845,0.19870704720584123,1.0459853403953005e-16,False,0.38711111111111113
stochastic_24_scenarios,W3_P1,196972.43267472982,202688.91685509463,3753.4984602795303,227.94711592938484,203.24239946464104,780.8400000000001,0.0,0.0,0.5077280346172401,0.697881804866782,0.26028686986404515,False,0.38029905702157835
stochastic_24_scenarios,W3_P2,268736.44217721245,274452.92635757726,5082.461599214394,284.76219966288016,-4.487863514676096e-14,522.28,0.0,0.0,1.0508495945731928,0.6265355643185043,-8.592830502175262e-17,True,0.38934376959214717
stochastic_24_scenarios,W3_P3,347145.4964662645,352861.9806466293,6534.481123085728,450.2319847607278,-9.526813127612383e-14,356.52000000000004,0.0,0.0,1.0852771004185446,0.4258709676995915,-2.6721679366129197e-16,True,0.3748194197081514
stochastic_24_scenarios,W3_P4,384319.1971296044,390035.6813099692,7222.882987221652,518.8173951496357,-4.667914902938423e-14,291.88000000000005,0.0,0.0,1.1516500073455171,0.34139568967607475,-1.599258223563938e-16,True,0.38412461538461534
stochastic_24_scenarios,W4_P1,176183.612545814,181900.0967261788,3368.5203097440517,193.1650209458981,264.7034389843086,876.924,0.0,0.0,0.4214759483087217,0.7398696552745597,0.30185448110019636,False,0.3785185185185187
stochastic_24_scenarios,W4_P2,242760.49913581528,248476.9833161801,4601.425616966298,202.42623545082478,13.631895954206817,618.364,0.0,0.0,0.9916393031449992,0.7292499440902821,0.022045099575988925,True,0.39696635029247135
stochastic_24_scenarios,W4_P3,310917.20293980744,316633.68712017225,5863.586798521708,351.85471233113634,1.9602453751618043e-14,452.604,0.0,0.0,1.0517688752198389,0.5466961391086799,4.33103855724166e-17,True,0.36814814814814817
stochastic_24_scenarios,W4_P4,347590.7037409347,353307.18792129954,6542.725702246288,422.6913116660341,4.672033192977707e-14,387.964,0.0,0.0,1.1140466662227024,0.45381144505947646,1.2042440002107687e-16,True,0.38350564102564105
stochastic_24_scenarios,W5_P1,187320.89842260897,193037.38260297378,3574.7663444995146,217.33983826623137,231.1523811137844,819.4200000000001,0.0,0.0,0.46268948793164744,0.7107864134718817,0.28209267666615945,False,0.3807875394792624
stochastic_24_scenarios,W5_P2,257528.1091262354,263244.59330660023,4874.899876048153,249.6591484364206,4.668425576579997e-14,560.86,0.0,0.0,1.066566143269597,0.6615058410841614,8.323691432050774e-17,True,0.3975593131888691
stochastic_24_scenarios,W5_P3,330455.39324064873,336171.87742101355,6225.405137426177,408.39853185690265,-4.0207776018408766e-14,395.1,0.0,0.0,1.0546551059235096,0.47885524772429383,-1.0176607445813405e-16,True,0.36131377578131824
stochastic_24_scenarios,W5_P4,366935.24371262174,372651.72789298656,6900.9579239441955,479.04696822811115,3.674689795775945e-14,330.46000000000004,0.0,0.0,1.1219191645679945,0.38886962757802923,1.1119923124662425e-16,True,0.38027145299145304
stochastic_24_scenarios,W6_P1,210401.65159233526,216118.13577270007,4002.187699494446,244.47200110032884,154.16536649760815,715.76,0.0,0.0,0.6000943602794899,0.6781226073526171,0.2153869544227229,False,0.3856608803834016
stochastic_24_scenarios,W6_P2,289961.7855686105,295678.2697489753,5475.523513869913,349.0482173043704,1.7946117816005448e-14,457.2,0.0,0.0,1.047945154645355,0.5520614058571391,3.925222619423764e-17,True,0.39142411880479516
stochastic_24_scenarios,W6_P3,374233.52599786356,379950.0101782284,7036.1112995968215,518.0538004784646,1.7946117816005448e-14,291.44,0.0,0.0,1.1341422140424444,0.34344102060279436,6.157740123526437e-17,True,0.38291105247410245
stochastic_24_scenarios,W6_P4,412407.2517661243,418123.7359464891,7743.032147157205,584.1796981105017,8.941360272967004e-15,226.8,0.0,0.0,1.1951908496456227,0.26518593363863857,3.9423987094210775e-17,False,0.387111111111111
